{
  "caption": {
    "rsicd": {
      "num_rows": 1093,
      "metrics": {
        "BLEU-1": 0.3308155741389865,
        "BLEU-2": 0.13457735337312138,
        "BLEU-3": 0.0547576509975492,
        "BLEU-4": 0.017011472028976782,
        "METEOR": 0.12130949078225872,
        "ROUGE_L": 0.19635439681220546,
        "CIDEr": 0.19146589734015412
      },
      "metrics_x100": {
        "BLEU-1": 33.08155741389865,
        "BLEU-2": 13.457735337312137,
        "BLEU-3": 5.47576509975492,
        "BLEU-4": 1.7011472028976782,
        "METEOR": 12.130949078225871,
        "ROUGE_L": 19.635439681220547,
        "CIDEr": 19.14658973401541
      },
      "avg_len_words": 10.17291857273559
    }
  }
}
