{
  "caption": {
    "sydney_captions": {
      "num_rows": 58,
      "metrics": {
        "BLEU-1": 0.3186044044570752,
        "BLEU-2": 0.04177898641623503,
        "BLEU-3": 1.531123299738867e-07,
        "BLEU-4": 3.0315814637582824e-10,
        "METEOR": 0.12295052417153624,
        "ROUGE_L": 0.23191405807751114,
        "CIDEr": 0.12718615616965293
      },
      "metrics_x100": {
        "BLEU-1": 31.86044044570752,
        "BLEU-2": 4.177898641623503,
        "BLEU-3": 1.531123299738867e-05,
        "BLEU-4": 3.031581463758282e-08,
        "METEOR": 12.295052417153624,
        "ROUGE_L": 23.191405807751114,
        "CIDEr": 12.718615616965293
      },
      "avg_len_words": 9.931034482758621
    }
  }
}
