{
  "output_dir": ".",
  "caption": {
    "rsicd": {
      "num_rows": 1093,
      "metrics": {
        "BLEU-1": 0.3299145299145002,
        "BLEU-2": 0.13455655731935512,
        "BLEU-3": 0.05586868561130645,
        "BLEU-4": 0.017272998351530403,
        "METEOR": 0.12146078281122291,
        "ROUGE_L": 0.1973312181254867,
        "CIDEr": 0.1905663187930118
      },
      "metrics_x100": {
        "BLEU-1": 32.99145299145002,
        "BLEU-2": 13.455655731935511,
        "BLEU-3": 5.586868561130645,
        "BLEU-4": 1.7272998351530404,
        "METEOR": 12.146078281122291,
        "ROUGE_L": 19.73312181254867,
        "CIDEr": 19.056631879301182
      },
      "avg_len_words": 10.165599268069533
    }
  },
  "vqa": {}
}
