{
  "caption": {
    "ucm_captions": {
      "num_rows": 210,
      "metrics": {
        "BLEU-1": 0.33349123638070416,
        "BLEU-2": 0.1357206103416791,
        "BLEU-3": 0.06887946286044327,
        "BLEU-4": 0.03645029486585552,
        "METEOR": 0.13907572570799867,
        "ROUGE_L": 0.2580094344560279,
        "CIDEr": 0.35011074987447444
      },
      "metrics_x100": {
        "BLEU-1": 33.34912363807042,
        "BLEU-2": 13.572061034167909,
        "BLEU-3": 6.887946286044327,
        "BLEU-4": 3.645029486585552,
        "METEOR": 13.907572570799868,
        "ROUGE_L": 25.80094344560279,
        "CIDEr": 35.011074987447444
      },
      "avg_len_words": 10.047619047619047
    }
  }
}
