{
  "total_selected": 16159,
  "processed": 16159,
  "valid_for_iou": 16142,
  "mean_iou": 0.5326040669955113,
  "acc@0.5": 0.6114858592734699,
  "acc@0.7": 0.4091218515997277,
  "acc@0.5_count": 9881,
  "acc@0.7_count": 6611,
  "by_split": {
    "unique": {
      "count_total": 6736,
      "count_valid_for_iou": 6729,
      "acc@0.5": 0.6578087885985748,
      "acc@0.7": 0.45724465558194777,
      "acc@0.5_count": 4431,
      "acc@0.7_count": 3080
    },
    "non_unique": {
      "count_total": 9423,
      "count_valid_for_iou": 9413,
      "acc@0.5": 0.578372068343415,
      "acc@0.7": 0.37472142629735755,
      "acc@0.5_count": 5450,
      "acc@0.7_count": 3531
    },
    "all": {
      "count_total": 16159,
      "count_valid_for_iou": 16142,
      "acc@0.5": 0.6114858592734699,
      "acc@0.7": 0.4091218515997277,
      "acc@0.5_count": 9881,
      "acc@0.7_count": 6611
    }
  },
  "predictions_file": "/opt/data/private/qwen/vg_eval_predictions_10shot_v4.jsonl",
  "start_idx": 0,
  "limit": 0,
  "elapsed_seconds": 2032.1766846179962,
  "batch_size": 64,
  "batch_fallback_count": 0
}