{
  "output_dir": ".",
  "caption": {
    "rsicd": {
      "num_rows": 1093,
      "metrics": {
        "BLEU-1": 0.6574643764175598,
        "BLEU-2": 0.4893916101273601,
        "BLEU-3": 0.38615135030351555,
        "BLEU-4": 0.316957084418901,
        "METEOR": 0.2694181064685386,
        "ROUGE_L": 0.49352027938091253,
        "CIDEr": 0.9036041583664199
      },
      "metrics_x100": {
        "BLEU-1": 65.74643764175599,
        "BLEU-2": 48.93916101273601,
        "BLEU-3": 38.61513503035155,
        "BLEU-4": 31.6957084418901,
        "METEOR": 26.94181064685386,
        "ROUGE_L": 49.352027938091254,
        "CIDEr": 90.36041583664199
      },
      "avg_len_words": 10.70448307410796
    }
  },
  "vqa": {}
}
