{
  "output_dir": ".",
  "caption": {
    "rsicd": {
      "num_rows": 1093,
      "metrics": {
        "BLEU-1": 0.3301653450923924,
        "BLEU-2": 0.13344643537941964,
        "BLEU-3": 0.05322013003495614,
        "BLEU-4": 0.023230191229794007,
        "METEOR": 0.07972728889890443,
        "ROUGE_L": 0.2125389284580191,
        "CIDEr": 0.07955997410230066
      },
      "metrics_x100": {
        "BLEU-1": 33.01653450923924,
        "BLEU-2": 13.344643537941964,
        "BLEU-3": 5.322013003495614,
        "BLEU-4": 2.323019122979401,
        "METEOR": 7.972728889890443,
        "ROUGE_L": 21.25389284580191,
        "CIDEr": 7.955997410230066
      },
      "avg_len_words": 10.0256175663312
    }
  },
  "vqa": {}
}
