{
  "task": "vrsbench_referring_noftstyle",
  "thresholds": [
    0.5,
    0.7
  ],
  "expected_num_samples": 16159,
  "num_rows_in_file": 16159,
  "preds": "benchmark/vrsbench/outputs/17_qwen8b_baseline_noftstyle_20260308/grounding_baseline_test.jsonl",
  "meta": "benchmark/vrsbench/data/vrsbench_referring_meta.json",
  "config_hint": {
    "model": "qwen3-vl-baseline-noftstyle",
    "model_dir": "models/Qwen3-VL-8B-Instruct",
    "prompt_template": "You are a visual grounding assistant.\nGiven an image and a referring expression, output strict JSON only.\nReferring expression: {ref_sentence}\nImage: {image_name}\nJSON schema:\n{{\"instance\": \"short target description\", \"bbox_2d\": [x0, y0, x1, y1]}}\nRules:\n1) Prefer bbox_2d in 0..1000 normalized coordinates.\n2) If uncertain, return empty bbox arrays.",
    "max_new_tokens": 256,
    "requested_batch_size": 256,
    "decode_strategy": "generation_config_default",
    "do_sample": null,
    "temperature": null,
    "top_p": null,
    "top_k": null,
    "num_beams": null,
    "repetition_penalty": null,
    "seed": null
  },
  "splits": {
    "unique": {
      "total": 6736,
      "Acc@0.5": 63.717339667458425,
      "Acc@0.7": 43.453087885985745,
      "meanIoU": 56.809619232480735,
      "cumIoU": 63.47934666226636
    },
    "non_unique": {
      "total": 9423,
      "Acc@0.5": 52.62655205348615,
      "Acc@0.7": 33.14231136580707,
      "meanIoU": 46.1397358214545,
      "cumIoU": 46.718615443985165
    },
    "all": {
      "total": 16159,
      "Acc@0.5": 57.249829816201505,
      "Acc@0.7": 37.44043567052417,
      "meanIoU": 50.58755651931144,
      "cumIoU": 58.06293183429821
    }
  },
  "total_selected": 16159,
  "processed": 16159,
  "valid_for_iou": 16140,
  "mean_iou": 50.58755651931144,
  "cum_iou": 58.06293183429821,
  "acc@0.5": 57.249829816201505,
  "acc@0.7": 37.44043567052417,
  "acc@0.5_count": 9251,
  "acc@0.7_count": 6050,
  "by_split": {
    "unique": {
      "count_total": 6736,
      "count_valid_for_iou": 6728,
      "acc@0.5": 63.717339667458425,
      "acc@0.7": 43.453087885985745,
      "meanIoU": 56.809619232480735,
      "cumIoU": 63.47934666226636,
      "acc@0.5_count": 4292,
      "acc@0.7_count": 2927
    },
    "non_unique": {
      "count_total": 9423,
      "count_valid_for_iou": 9412,
      "acc@0.5": 52.62655205348615,
      "acc@0.7": 33.14231136580707,
      "meanIoU": 46.1397358214545,
      "cumIoU": 46.718615443985165,
      "acc@0.5_count": 4959,
      "acc@0.7_count": 3123
    },
    "all": {
      "count_total": 16159,
      "count_valid_for_iou": 16140,
      "acc@0.5": 57.249829816201505,
      "acc@0.7": 37.44043567052417,
      "meanIoU": 50.58755651931144,
      "cumIoU": 58.06293183429821,
      "acc@0.5_count": 9251,
      "acc@0.7_count": 6050
    }
  },
  "predictions_file": "/opt/yanzixi/project/fine-tune-qwen3-vl/VRSBench/benchmark/vrsbench/outputs/baseline_noftstyle/18_qwen8b_baseline_noftstyle_retest_20260315/grounding_baseline.jsonl"
}
