{
  "task": "vrsbench_referring_noftstyle",
  "thresholds": [
    0.5,
    0.7
  ],
  "expected_num_samples": 16159,
  "num_rows_in_file": 16159,
  "preds": "benchmark/vrsbench/outputs/17_qwen8b_baseline_noftstyle_20260308/grounding_baseline_test.jsonl",
  "meta": "benchmark/vrsbench/data/vrsbench_referring_meta.json",
  "config_hint": {
    "model": "qwen3-vl-baseline-noftstyle",
    "model_dir": "models/Qwen3-VL-8B-Instruct",
    "prompt_template": "You are a visual grounding assistant.\nGiven an image and a referring expression, output strict JSON only.\nReferring expression: {ref_sentence}\nImage: {image_name}\nJSON schema:\n{{\"instance\": \"short target description\", \"bbox_2d\": [x0, y0, x1, y1]}}\nRules:\n1) Prefer bbox_2d in 0..1000 normalized coordinates.\n2) If uncertain, return empty bbox arrays.",
    "max_new_tokens": 256,
    "requested_batch_size": 64,
    "decode_strategy": "generation_config_default",
    "do_sample": null,
    "temperature": null,
    "top_p": null,
    "top_k": null,
    "num_beams": null,
    "repetition_penalty": null,
    "seed": null
  },
  "splits": {
    "unique": {
      "total": 6736,
      "Acc@0.5": 63.524346793349174,
      "Acc@0.7": 43.72030878859858,
      "meanIoU": 56.7510573559731,
      "cumIoU": 63.34756484712665
    },
    "non_unique": {
      "total": 9423,
      "Acc@0.5": 53.0722699777141,
      "Acc@0.7": 33.290884007216384,
      "meanIoU": 46.29285840735852,
      "cumIoU": 47.366100908009805
    },
    "all": {
      "total": 16159,
      "Acc@0.5": 57.42929636734947,
      "Acc@0.7": 37.638467726963306,
      "meanIoU": 50.65243685391262,
      "cumIoU": 58.20540141731352
    }
  },
  "total_selected": 16159,
  "processed": 16159,
  "valid_for_iou": 16139,
  "mean_iou": 50.65243685391262,
  "cum_iou": 58.20540141731352,
  "acc@0.5": 57.42929636734947,
  "acc@0.7": 37.638467726963306,
  "acc@0.5_count": 9280,
  "acc@0.7_count": 6082,
  "by_split": {
    "unique": {
      "count_total": 6736,
      "count_valid_for_iou": 6728,
      "acc@0.5": 63.524346793349174,
      "acc@0.7": 43.72030878859858,
      "meanIoU": 56.7510573559731,
      "cumIoU": 63.34756484712665,
      "acc@0.5_count": 4279,
      "acc@0.7_count": 2945
    },
    "non_unique": {
      "count_total": 9423,
      "count_valid_for_iou": 9411,
      "acc@0.5": 53.0722699777141,
      "acc@0.7": 33.290884007216384,
      "meanIoU": 46.29285840735852,
      "cumIoU": 47.366100908009805,
      "acc@0.5_count": 5001,
      "acc@0.7_count": 3137
    },
    "all": {
      "count_total": 16159,
      "count_valid_for_iou": 16139,
      "acc@0.5": 57.42929636734947,
      "acc@0.7": 37.638467726963306,
      "meanIoU": 50.65243685391262,
      "cumIoU": 58.20540141731352,
      "acc@0.5_count": 9280,
      "acc@0.7_count": 6082
    }
  },
  "predictions_file": "/opt/yanzixi/project/fine-tune-qwen3-vl/fine-tune-qwen3-vl/Benchmark/VRSBench/benchmark/vrsbench/outputs/17_qwen8b_baseline_noftstyle_20260308/grounding_baseline_test.jsonl"
}
