{
  "output_dir": ".",
  "caption": {
    "rsicd": {
      "num_rows": 1093,
      "metrics": {
        "BLEU-1": 0.28802783912197766,
        "BLEU-2": 0.1162650077046139,
        "BLEU-3": 0.048096439891685515,
        "BLEU-4": 0.024037529575177,
        "METEOR": 0.09823498330320259,
        "ROUGE_L": 0.21429192586021145,
        "CIDEr": 0.1046334061538073
      },
      "metrics_x100": {
        "BLEU-1": 28.802783912197764,
        "BLEU-2": 11.62650077046139,
        "BLEU-3": 4.809643989168552,
        "BLEU-4": 2.4037529575177,
        "METEOR": 9.823498330320259,
        "ROUGE_L": 21.429192586021145,
        "CIDEr": 10.46334061538073
      },
      "avg_len_words": 12.702653247941445
    }
  },
  "vqa": {}
}
