{
  "BLEU-1": 0.1678340219775425,
  "BLEU-2": 0.07586007358649942,
  "BLEU-3": 0.033743083053282635,
  "BLEU-4": 0.015539254980867556,
  "METEOR": 0.1730553409078492,
  "ROUGE_L": 0.16965407760467915,
  "CIDEr": 4.617183189451167e-11,
  "Avg_L": 156.91957219251336,
  "num_images": 9350,
  "metrics_x100": {
    "BLEU-1": 16.78340219775425,
    "BLEU-2": 7.586007358649942,
    "BLEU-3": 3.3743083053282636,
    "BLEU-4": 1.5539254980867556,
    "METEOR": 17.305534090784917,
    "ROUGE_L": 16.965407760467915,
    "CIDEr": 4.617183189451167e-09
  },
  "eval_json": "/opt/data/private/cv/VRSBench_EVAL_Cap.json",
  "preds": "/opt/data/private/cv/caption_eval_predictions.jsonl"
}
