{
  "output_dir": ".",
  "caption": {
    "rsicd": {
      "num_rows": 1093,
      "metrics": {
        "BLEU-1": 0.3641140615147226,
        "BLEU-2": 0.16554530048170027,
        "BLEU-3": 0.07857957122480771,
        "BLEU-4": 0.034473136774504705,
        "METEOR": 0.13743339844536545,
        "ROUGE_L": 0.23383688865594984,
        "CIDEr": 0.1876318573547893
      },
      "metrics_x100": {
        "BLEU-1": 36.41140615147226,
        "BLEU-2": 16.554530048170026,
        "BLEU-3": 7.857957122480771,
        "BLEU-4": 3.4473136774504707,
        "METEOR": 13.743339844536544,
        "ROUGE_L": 23.383688865594983,
        "CIDEr": 18.76318573547893
      },
      "avg_len_words": 13.057639524245197
    }
  },
  "vqa": {}
}
