{
  "vqa": {
    "rsvqa_hr_test1": {
      "num_rows": 131468,
      "per_type": {
        "presence": {
          "paper_question_type": "presence",
          "num_rows": 58545,
          "accuracy": 0.6457938338030574,
          "accuracy_x100": 64.57938338030574
        },
        "comp": {
          "paper_question_type": "comparison",
          "num_rows": 72923,
          "accuracy": 0.7504902431331678,
          "accuracy_x100": 75.04902431331678
        }
      },
      "average_accuracy": 0.6981420384681126,
      "average_accuracy_x100": 69.81420384681127,
      "overall_accuracy": 0.7038671007393434,
      "overall_accuracy_x100": 70.38671007393434
    },
    "rsvqa_hr_test2": {
      "num_rows": 62554,
      "per_type": {
        "presence": {
          "paper_question_type": "presence",
          "num_rows": 27535,
          "accuracy": 0.657345197021972,
          "accuracy_x100": 65.7345197021972
        },
        "comp": {
          "paper_question_type": "comparison",
          "num_rows": 35019,
          "accuracy": 0.7537622433536081,
          "accuracy_x100": 75.3762243353608
        }
      },
      "average_accuracy": 0.7055537201877901,
      "average_accuracy_x100": 70.55537201877901,
      "overall_accuracy": 0.7113214182945935,
      "overall_accuracy_x100": 71.13214182945936
    }
  }
}
