{
  "output_dir": ".",
  "caption": {
    "rsicd": {
      "num_rows": 1093,
      "metrics": {
        "BLEU-1": 0.6646787810299837,
        "BLEU-2": 0.49648244745876935,
        "BLEU-3": 0.38981145306217413,
        "BLEU-4": 0.3159550338412209,
        "METEOR": 0.27360464166844506,
        "ROUGE_L": 0.49643970136715276,
        "CIDEr": 0.9321045241629895
      },
      "metrics_x100": {
        "BLEU-1": 66.46787810299837,
        "BLEU-2": 49.64824474587694,
        "BLEU-3": 38.981145306217414,
        "BLEU-4": 31.595503384122093,
        "METEOR": 27.360464166844505,
        "ROUGE_L": 49.643970136715275,
        "CIDEr": 93.21045241629895
      },
      "avg_len_words": 10.729185727355901
    }
  },
  "vqa": {}
}
