{
  "dino": {
    "silhouette": 0.10294027626514435,
    "davies_bouldin": 2.518793308381291
  },
  "qwen": {
    "silhouette": 0.21358032524585724,
    "davies_bouldin": 1.660045397545325
  },
  "tsne": {
    "pca_dim": 50,
    "dino_perplexity": 30.0,
    "qwen_perplexity": 30.0,
    "learning_rate": 200.0,
    "iterations": 1000
  }
}