{
  "dino": {
    "silhouette": -0.00043417103006504476,
    "davies_bouldin": 8.40357695434189
  },
  "qwen": {
    "silhouette": -0.16654153168201447,
    "davies_bouldin": 7.344627681115163
  },
  "size_binning": {
    "num_bins": 5,
    "class_names": [
      "very_small",
      "small",
      "medium",
      "large",
      "very_large"
    ],
    "thresholds": [
      0.0034332275390625,
      0.009922027587890625,
      0.0373687744140625,
      0.11539840698242188
    ],
    "counts": {
      "very_small": 606,
      "small": 602,
      "medium": 592,
      "large": 600,
      "very_large": 600
    }
  },
  "tsne": {
    "pca_dim": 50,
    "dino_perplexity": 30.0,
    "qwen_perplexity": 30.0,
    "learning_rate": 200.0,
    "iterations": 1000
  }
}