{
  "dino": {
    "silhouette": 0.1320747584104538,
    "davies_bouldin": 2.4467245674153295
  },
  "qwen": {
    "silhouette": 0.20836712419986725,
    "davies_bouldin": 1.7764019052606363
  },
  "tsne": {
    "pca_dim": 50,
    "dino_perplexity": 30.0,
    "qwen_perplexity": 30.0,
    "learning_rate": 200.0,
    "iterations": 1000
  }
}